brand,desc,overall_rating,rating_count,original_price,discount_price,offer_percentage,image_url
Friskers,Printed Slim Fit Pure Cotton T-shirt,Nil,Nil,MRP ₹969,₹571,(41% OFF),"background-image: url(""https://assets.myntassets.com/h_720,q_90,w_540/v1/assets/images/26048802/2023/11/25/9c4108c2-cd69-4c00-b7c1-1d7939a7c1a51700884006387FriskersMenMustardYellowPrintedSlimFitT-shirt1.jpg"");"
Friskers,Printed Slim Fit Pure Cotton T-shirt,Nil,Nil,MRP ₹969,₹571,(41% OFF),"background-image: url(""https://assets.myntassets.com/h_720,q_90,w_540/v1/assets/images/26048800/2023/11/25/f599d40f-7238-4826-8666-c5ec37508c981700883956751FriskersMenMustardYellowPrintedSlimFitT-shirt1.jpg"");"
Friskers,Printed Slim Fit Pure Cotton T-shirt,Nil,Nil,MRP ₹969,₹571,(41% OFF),"background-image: url(""https://assets.myntassets.com/h_720,q_90,w_540/v1/assets/images/26048816/2023/11/25/1cd6ebb0-dd38-4668-adb8-d75feffcbaff1700883212113FriskersMenYellowPrintedSlimFitT-shirt1.jpg"");"
Friskers,Graphic Printed Slim Fit Cotton T-shirt,Nil,Nil,MRP ₹969,₹571,(41% OFF),"background-image: url(""https://assets.myntassets.com/h_720,q_90,w_540/v1/assets/images/26048790/2023/11/25/5bbafc4f-4605-4eb1-8a87-066b654d3dc21700858302479FriskersMenMustardYellowPrintedSlimFitT-shirt1.jpg"");"
Friskers,Typography Printed Slim Fit Cotton T-shirt,Nil,Nil,MRP ₹969,₹571,(41% OFF),"background-image: url(""https://assets.myntassets.com/h_720,q_90,w_540/v1/assets/images/26048794/2023/11/25/b86b4d77-7651-4120-889d-f38f3bac2c561700884121657FriskersMenOrangePrintedSlimFitT-shirt1.jpg"");"
Friskers,Typography Printed Slim Fit Cotton T-shirt,Nil,Nil,MRP ₹969,₹571,(41% OFF),"background-image: url(""https://assets.myntassets.com/h_720,q_90,w_540/v1/assets/images/26048804/2023/11/25/43ba6645-1393-40f7-842d-26321b27b7b01700883954529FriskersMenMustardYellowPrintedSlimFitT-shirt1.jpg"");"
Friskers,Printed Slim Fit Pure Cotton T-shirt,Nil,Nil,MRP ₹969,₹571,(41% OFF),"background-image: url(""https://assets.myntassets.com/h_720,q_90,w_540/v1/assets/images/26048822/2023/11/25/387a4362-7c81-4154-9d00-04fa9b2963ad1700858303195FriskersMenTurquoiseBluePrintedSlimFitT-shirt1.jpg"");"
Friskers,Typography Printed Round Neck Long Sleeves Pure Cotton Slim Fit T-shirt,Nil,Nil,MRP ₹969,₹571,(41% OFF),"background-image: url(""https://assets.myntassets.com/h_720,q_90,w_540/v1/assets/images/26048810/2023/11/25/051d1748-8050-4ded-9b37-c820f1de04d91700883085811FriskersMenTurquoiseBluePrintedSlimFitT-shirt1.jpg"");"
Friskers,Printed Slim Fit Pure Cotton T-shirt,Nil,Nil,MRP ₹969,₹571,(41% OFF),"background-image: url(""https://assets.myntassets.com/h_720,q_90,w_540/v1/assets/images/26048798/2023/11/25/0982a765-47ca-4f8d-a55c-24d80d3a226a1700884012940FriskersMenTurquoiseBlueTypographyPocketsSlimFitT-shirt1.jpg"");"
Friskers,Graphic Printed Slim Fit Cotton T-shirt,Nil,Nil,MRP ₹969,₹571,(41% OFF),"background-image: url(""https://assets.myntassets.com/h_720,q_90,w_540/v1/assets/images/26048806/2023/11/25/0f2ad3a1-0d7c-4df5-b4d9-45e39560a08a1700883940862FriskersMenOrangePrintedSlimFitT-shirt1.jpg"");"
Friskers,Printed Slim Fit Pure Cotton T-shirt,Nil,Nil,MRP ₹969,₹571,(41% OFF),"background-image: url(""https://assets.myntassets.com/h_720,q_90,w_540/v1/assets/images/26048820/2023/11/25/c51d8572-c3b2-4d4a-abd8-765c0aa66bb31700858016562FriskersMenMustardYellowPrintedSlimFitT-shirt1.jpg"");"
Friskers,Typography Printed Slim Fit Cotton T-shirt,Nil,Nil,MRP ₹969,₹571,(41% OFF),"background-image: url(""https://assets.myntassets.com/h_720,q_90,w_540/v1/assets/images/26048826/2023/11/25/68e0f116-b254-4e1a-b61b-2f11fc97833c1700858304610FriskersMenBlackPrintedSlimFitT-shirt1.jpg"");"
Friskers,Printed Slim Fit Pure Cotton T-shirt,Nil,Nil,MRP ₹969,₹571,(41% OFF),"background-image: url(""https://assets.myntassets.com/h_720,q_90,w_540/v1/assets/images/26048808/2023/11/25/b9d7036c-e4b2-4d10-9b85-d9cfefddb7db1700883932051FriskersMenNavyBluePrintedSlimFitT-shirt1.jpg"");"
Friskers,Round Neck Cotton T-shirt,"4.4
|
48 Ratings",48 Ratings,MRP ₹989,₹474,(52% OFF),"background-image: url(""https://assets.myntassets.com/h_720,q_90,w_540/v1/assets/images/22429558/2023/10/26/d9044893-8812-452c-9cc0-862842106cd21698300989429-Friskers-Round-Neck-Cotton-T-shirt-1261698300989021-1.jpg"");"
Friskers,Men Olive Green Solid V-Neck Pure Cotton T-shirt,"4.1
|
132 Ratings",132 Ratings,MRP ₹949,₹559,(41% OFF),"background-image: url(""https://assets.myntassets.com/h_720,q_90,w_540/v1/assets/images/13953798/2023/10/26/3152d357-e6fa-45f5-bd6a-a275012ecf5a1698299374599-Friskers-Men-Olive-Green-Solid-V-Neck-Pure-Cotton-T-shirt-56-1.jpg"");"
Friskers,Graphic Printed Round Neck Slim Fit Cotton T-shirt,Nil,Nil,MRP ₹969,₹571,(41% OFF),"background-image: url(""https://assets.myntassets.com/h_720,q_90,w_540/v1/assets/images/25917212/2023/11/17/9ba95afd-19f8-4ea4-ad99-e0f9e915e96a1700214089743FriskersMenMustardYellowPrintedSlimFitT-shirt1.jpg"");"
Friskers,Men Black Solid Hooded T-shirt,"4.2
|
205 Ratings",205 Ratings,MRP ₹999,₹589,(41% OFF),"background-image: url(""https://assets.myntassets.com/h_720,q_90,w_540/v1/assets/images/11777892/2023/11/24/d60f129f-c00f-4575-80f3-bcc6a29c5cbf1700821441476-Friskers-Men-Black-Solid-Hooded-T-shirt-9391700821441260-1.jpg"");"
Friskers,Men Black Colourblocked Hood T-shirt,"4.6
|
25 Ratings",25 Ratings,MRP ₹999,₹619,(38% OFF),"background-image: url(""https://assets.myntassets.com/h_720,q_90,w_540/v1/assets/images/productimage/2020/11/23/219ee04b-71c0-4f99-acee-b64e77213d691606111657613-1.jpg"");"
Friskers,Men White Raw Edge T-shirt,Nil,Nil,MRP ₹1049,₹503,(52% OFF),"background-image: url(""https://assets.myntassets.com/h_720,q_90,w_540/v1/assets/images/18795554/2023/10/26/12368e22-f3a7-41ef-8be4-7bd9d79e7a261698300545190-Friskers-Men-White-Raw-Edge-T-shirt-9921698300544822-1.jpg"");"
Friskers,V-Neck Casual T-shirt,Nil,Nil,MRP ₹1099,₹516,(53% OFF),"background-image: url(""https://assets.myntassets.com/h_720,q_90,w_540/v1/assets/images/25879682/2023/11/14/e7be570c-de3c-4e49-8f34-4300dede5dbc1699956492604FriskersMenPurpleV-NeckPocketsT-shirt1.jpg"");"
Friskers,Men Navy Blue & Grey Typography Printed T-shirt,"4
|
30 Ratings",30 Ratings,MRP ₹1499,₹719,(52% OFF),"background-image: url(""https://assets.myntassets.com/h_720,q_90,w_540/v1/assets/images/16046802/2021/11/10/25417ef8-176d-4326-9d03-fa2a441417bb1636526810726FriskersMenNavyBlueTypographyPocketsT-shirt1.jpg"");"
Friskers,Hoody Neck Pure Cotton Casual T-shirt,"4.3
|
12 Ratings",12 Ratings,MRP ₹1499,₹644,(57% OFF),"background-image: url(""https://assets.myntassets.com/h_720,q_90,w_540/v1/assets/images/22429568/2023/3/20/270537fc-cd3f-41e2-b52c-aac7181de6841679279352721FriskersMenWhiteHenleyNeckRawEdgeT-shirt1.jpg"");"
Friskers,Pack Of 2 V Neck Cotton T-shirt,Nil,Nil,MRP ₹1899,₹778,(59% OFF),"background-image: url(""https://assets.myntassets.com/h_720,q_90,w_540/v1/assets/images/22739076/2023/4/12/10896e0a-3f49-42c5-8e23-710b4d7be03b1681266041870MenBlackNavyBlueV-NeckHalfSleeveCottonSolidT-shirt1.jpg"");"
Friskers,Pack Of 2 Typography Printed Sleeveless Pure Cotton Slim Fit T-shirt,Nil,Nil,MRP ₹1599,₹783,(51% OFF),"background-image: url(""https://assets.myntassets.com/h_720,q_90,w_540/v1/assets/images/22750606/2023/4/13/0d7e0885-84e4-4084-9581-cb8b774433d41681365662748FriskersMenNavyBlueTypography2PrintedAppliqueSlimFitT-shirt1.jpg"");"
Friskers,Men Coffee Brown Pure Cotton T-shirt,"3.8
|
4 Ratings",4 Ratings,MRP ₹1399,₹685,(51% OFF),"background-image: url(""https://assets.myntassets.com/h_720,q_90,w_540/v1/assets/images/20784752/2022/11/16/72a2ea20-b35d-4b4a-9714-3ec4403e29911668620411911MenBrownFullSleeveCottonLycraHoodedTshirt1.jpg"");"
Friskers,Men Pack of 2 Printed Pure Cotton T-shirts,"4.6
|
5 Ratings",5 Ratings,MRP ₹1398,₹796,(43% OFF),"background-image: url(""https://assets.myntassets.com/h_720,q_90,w_540/v1/assets/images/15419414/2021/9/9/e4404ae2-fdf8-4cf0-b1c2-d06811d1e4261631186838612MenYellowTurquoiseSmilyBatmenRoundNeckCottonDropCutPrintedSl1.jpg"");"
Friskers,Men Mustard Yellow Solid Round Neck Pure Cotton T-shirt,"4.1
|
768 Ratings",768 Ratings,MRP ₹969,₹581,(40% OFF),"background-image: url(""https://assets.myntassets.com/h_720,q_90,w_540/v1/assets/images/8907305/2023/10/26/709dffea-10a1-4c9d-b1f9-58c8d5357b001698298571132-Friskers-Men-Mustard-Yellow-Solid-Round-Neck-Pure-Cotton-T-s-1.jpg"");"
Friskers,Graphic Printed Round Neck Slim Fit Cotton T-shirt,Nil,Nil,MRP ₹969,₹571,(41% OFF),"background-image: url(""https://assets.myntassets.com/h_720,q_90,w_540/v1/assets/images/25917206/2023/11/17/f0cbc956-9707-4da8-a1a7-520ac3df9c2e1700214066976FriskersMenOrangePrintedSlimFitT-shirt1.jpg"");"
Friskers,Men Black Printed Hood T-shirt,"4.7
|
13 Ratings",13 Ratings,MRP ₹999,₹599,(40% OFF),"background-image: url(""https://assets.myntassets.com/h_720,q_90,w_540/v1/assets/images/productimage/2020/11/23/4be11489-6d7a-451e-9952-747c0aa0acef1606123151926-1.jpg"");"
Friskers,Men Turquoise Blue Printed T-shirt,Nil,Nil,MRP ₹1049,₹524,(50% OFF),"background-image: url(""https://assets.myntassets.com/h_720,q_90,w_540/v1/assets/images/18766622/2022/6/17/1a9dfd78-d2eb-4a1b-9a07-a480876e72c21655478306791MenTurquoiseOriginalHalfSleeveT-shirt1.jpg"");"
Friskers,Polo Collar Cotton T-Shirt,Nil,Nil,MRP ₹999,₹479,(52% OFF),"background-image: url(""https://assets.myntassets.com/h_720,q_90,w_540/v1/assets/images/25879694/2023/11/14/cbdf7f3e-a1d8-42d9-85fd-b6653dc126fa1699956516681FriskersMenGold-TonedPoloCollarAppliqueT-shirt1.jpg"");"
Friskers,Men Pack Of 2 Black Yellow Captain America Printed Pure Cotton T-shirt,Nil,Nil,MRP ₹1398,₹796,(43% OFF),"background-image: url(""https://assets.myntassets.com/h_720,q_90,w_540/v1/assets/images/15419674/2021/9/9/c3fcb53b-cb42-4632-a9ce-1f05128561d21631191522550InnerwearVests1.jpg"");"
Friskers,Men Black Solid Hood T-shirt,"4.2
|
149 Ratings",149 Ratings,MRP ₹1199,₹695,(42% OFF),"background-image: url(""https://assets.myntassets.com/h_720,q_90,w_540/v1/assets/images/11777938/2020/4/1/7b5bca2a-0120-4e7b-95be-a0fde141f7881585738413660FriskersMenBlackSolidHoodT-shirt1.jpg"");"
Friskers,Men Black V-Neck Pure Cotton T-shirt,"4.2
|
23 Ratings",23 Ratings,MRP ₹1249,₹587,(53% OFF),"background-image: url(""https://assets.myntassets.com/h_720,q_90,w_540/v1/assets/images/20784766/2022/11/16/dc55291b-8317-4270-9b84-a199f6e47ceb1668620419520MenBlackFullSleeveCottonLycraV-NeckTshirt1.jpg"");"
Friskers,Pack Of 2 V-Neck Pure Cotton Slim Fit Short Sleeves T-shirts,Nil,Nil,MRP ₹1899,₹778,(59% OFF),"background-image: url(""https://assets.myntassets.com/h_720,q_90,w_540/v1/assets/images/22739002/2023/4/12/0a9b92a4-a278-41fb-a49a-fcd7638e792e1681266129621MenWhiteGreyV-NeckHalfSleeveCottonSolidT-shirt1.jpg"");"
Friskers,Pack of 2 V-Neck Slim Fit T-shirt,Nil,Nil,MRP ₹1899,₹778,(59% OFF),"background-image: url(""https://assets.myntassets.com/h_720,q_90,w_540/v1/assets/images/22739152/2023/4/12/abfac10c-9d51-436d-874e-5765aaec232f1681269640951FriskersMenRed2V-NeckRawEdgeSlimFitT-shirt1.jpg"");"
Friskers,Men Pack of 2 Printed Pure Cotton T-shirts,Nil,Nil,MRP ₹1398,₹796,(43% OFF),"background-image: url(""https://assets.myntassets.com/h_720,q_90,w_540/v1/assets/images/15419436/2021/9/9/98481ed9-7be0-4db8-838a-bdfc735900901631194376974InnerwearVests1.jpg"");"
Friskers,Men Red & Grey 3 T-shirt,Nil,Nil,MRP ₹1398,₹796,(43% OFF),"background-image: url(""https://assets.myntassets.com/h_720,q_90,w_540/v1/assets/images/15419518/2021/9/9/ee26788b-17bc-4f44-bccb-99bb70c07a691631198940893InnerwearVests1.jpg"");"
Friskers,Men Grey T-shirt,"3.9
|
7 Ratings",7 Ratings,MRP ₹1199,₹683,(43% OFF),"background-image: url(""https://assets.myntassets.com/h_720,q_90,w_540/v1/assets/images/19709278/2023/11/24/1ed5cb5b-edfb-46bc-adbe-e1c09d365ae61700821531834-Friskers-Men-Grey-T-shirt-6261700821531539-1.jpg"");"
Friskers,Pack of 2 V-Neck Slim Fit T-shirt,Nil,Nil,MRP ₹1899,₹778,(59% OFF),"background-image: url(""https://assets.myntassets.com/h_720,q_90,w_540/v1/assets/images/22739130/2023/4/12/df589b45-77ab-4e3a-8e0a-3ccfe73c29c71681269789164FriskersMenBlack2V-NeckExtendedSleevesRawEdgeSlimFitT-shirt1.jpg"");"
Friskers,Printed Pack Of 2 Slim Fit Pure Cotton T-Shirts,Nil,Nil,MRP ₹1599,₹783,(51% OFF),"background-image: url(""https://assets.myntassets.com/h_720,q_90,w_540/v1/assets/images/22750776/2023/4/13/b4b18e6e-5c6f-4cfc-befb-3cdb39a2b2001681365731821FriskersMenBlack2PrintedRawEdgeSlimFitT-shirt1.jpg"");"
Friskers,Men White Solid Hooded T-shirt,Nil,Nil,MRP ₹1199,₹683,(43% OFF),"background-image: url(""https://assets.myntassets.com/h_720,q_90,w_540/v1/assets/images/11777896/2020/4/1/1bd16b4f-cc96-4e83-857d-37f9f00a2d201585738317265FriskersMenWhiteSolidHoodT-shirt1.jpg"");"
Friskers,Pack Of 2 V-Neck Slim Fit Cotton T-shirt,"4
|
2 Ratings",2 Ratings,MRP ₹1899,₹778,(59% OFF),"background-image: url(""https://assets.myntassets.com/h_720,q_90,w_540/v1/assets/images/22739172/2023/4/12/e8aa3338-7f68-45fe-9355-83d6659037a81681269659595FriskersMenWhite2V-NeckAppliqueSlimFitT-shirt1.jpg"");"
Friskers,Pack Of 2 V-Neck Pure Cotton Slim Fit Short Sleeves T-shirts,Nil,Nil,MRP ₹1899,₹778,(59% OFF),"background-image: url(""https://assets.myntassets.com/h_720,q_90,w_540/v1/assets/images/22738978/2023/4/12/5894373b-600a-4c47-b837-5279434cf65c1681262097862MenWhiteMaroonV-NeckHalfSleeveCottonSolidT-shirt1.jpg"");"
Friskers,Pack Of 2 Printed Sleeveless Slim Fit T-Shirt,Nil,Nil,MRP ₹1599,₹783,(51% OFF),"background-image: url(""https://assets.myntassets.com/h_720,q_90,w_540/v1/assets/images/22750538/2023/4/13/067c7c13-d1bc-4bde-be53-992f7104c38d1681365622555FriskersMenNavyBlue2PrintedRawEdgeSlimFitT-shirt1.jpg"");"
Friskers,Pack Of 2 V-Neck Pure Cotton Slim Fit Short Sleeves T-shirts,Nil,Nil,MRP ₹1899,₹778,(59% OFF),"background-image: url(""https://assets.myntassets.com/h_720,q_90,w_540/v1/assets/images/22739096/2023/4/12/2ac6e432-a2e1-4020-a0b6-19c5208d15291681266050980MenTurquoisePistaV-NeckHalfSleeveCottonSolidT-shirt1.jpg"");"
Friskers,Pack Of 2 V-Neck Pure Cotton Slim Fit Short Sleeves T-shirts,Nil,Nil,MRP ₹1899,₹778,(59% OFF),"background-image: url(""https://assets.myntassets.com/h_720,q_90,w_540/v1/assets/images/22739088/2023/4/12/8bf9089e-ab44-4eda-ae11-26f6422586e11681266048918MenBlackWhiteV-NeckHalfSleeveCottonSolidT-shirt1.jpg"");"
Friskers,Pack Of 2 Round Neck Short Sleeves Slim Fit Cotton T-shirts,Nil,Nil,MRP ₹1799,₹773,(57% OFF),"background-image: url(""https://assets.myntassets.com/h_720,q_90,w_540/v1/assets/images/22728434/2023/4/11/83316f99-b56a-455a-a9c7-5e81a34b7c081681177095931MenGreyNavyBlueShortSleeveRoundNeckSolidT-shirt1.jpg"");"
Friskers,Men Blue Pockets T-shirt,Nil,Nil,MRP ₹1499,₹719,(52% OFF),"background-image: url(""https://assets.myntassets.com/h_720,q_90,w_540/v1/assets/images/15967524/2021/10/29/9d3d40f8-4062-4cbe-b6fc-54071432c8791635492431409FriskersMenBluePocketsT-shirt1.jpg"");"
Friskers,Pack Of 2 Round Neck Cotton T-shirt,Nil,Nil,MRP ₹1799,₹773,(57% OFF),"background-image: url(""https://assets.myntassets.com/h_720,q_90,w_540/v1/assets/images/22728486/2023/4/11/997e8c96-2acf-4d5b-8396-85572562065d1681177176081MenBlackWhiteShortSleeveRoundNeckSolidT-shirt1.jpg"");"
Friskers,Men White Raw Edge T-shirt,Nil,Nil,MRP ₹1049,₹503,(52% OFF),"background-image: url(""https://assets.myntassets.com/h_720,q_90,w_540/v1/assets/images/18795554/2023/10/26/12368e22-f3a7-41ef-8be4-7bd9d79e7a261698300545190-Friskers-Men-White-Raw-Edge-T-shirt-9921698300544822-1.jpg"");"
Friskers,V-Neck Casual T-shirt,Nil,Nil,MRP ₹1099,₹516,(53% OFF),"background-image: url(""https://assets.myntassets.com/h_720,q_90,w_540/v1/assets/images/25879682/2023/11/14/e7be570c-de3c-4e49-8f34-4300dede5dbc1699956492604FriskersMenPurpleV-NeckPocketsT-shirt1.jpg"");"
Friskers,Hoody Neck Pure Cotton Casual T-shirt,"4.3
|
12 Ratings",12 Ratings,MRP ₹1499,₹644,(57% OFF),"background-image: url(""https://assets.myntassets.com/h_720,q_90,w_540/v1/assets/images/22429568/2023/3/20/270537fc-cd3f-41e2-b52c-aac7181de6841679279352721FriskersMenWhiteHenleyNeckRawEdgeT-shirt1.jpg"");"
Friskers,Pack Of 2 V Neck Cotton T-shirt,Nil,Nil,MRP ₹1899,₹778,(59% OFF),"background-image: url(""https://assets.myntassets.com/h_720,q_90,w_540/v1/assets/images/22739076/2023/4/12/10896e0a-3f49-42c5-8e23-710b4d7be03b1681266041870MenBlackNavyBlueV-NeckHalfSleeveCottonSolidT-shirt1.jpg"");"
Friskers,Pack Of 2 Typography Printed Sleeveless Pure Cotton Slim Fit T-shirt,Nil,Nil,MRP ₹1599,₹783,(51% OFF),"background-image: url(""https://assets.myntassets.com/h_720,q_90,w_540/v1/assets/images/22750606/2023/4/13/0d7e0885-84e4-4084-9581-cb8b774433d41681365662748FriskersMenNavyBlueTypography2PrintedAppliqueSlimFitT-shirt1.jpg"");"
Friskers,Men Pack of 2 Printed Pure Cotton T-shirts,"4.6
|
5 Ratings",5 Ratings,MRP ₹1398,₹796,(43% OFF),"background-image: url(""https://assets.myntassets.com/h_720,q_90,w_540/v1/assets/images/15419414/2021/9/9/e4404ae2-fdf8-4cf0-b1c2-d06811d1e4261631186838612MenYellowTurquoiseSmilyBatmenRoundNeckCottonDropCutPrintedSl1.jpg"");"
Friskers,Men Mustard Yellow Solid Round Neck Pure Cotton T-shirt,"4.1
|
768 Ratings",768 Ratings,MRP ₹969,₹581,(40% OFF),"background-image: url(""https://assets.myntassets.com/h_720,q_90,w_540/v1/assets/images/8907305/2023/10/26/709dffea-10a1-4c9d-b1f9-58c8d5357b001698298571132-Friskers-Men-Mustard-Yellow-Solid-Round-Neck-Pure-Cotton-T-s-1.jpg"");"
Friskers,Graphic Printed Round Neck Slim Fit Cotton T-shirt,Nil,Nil,MRP ₹969,₹571,(41% OFF),"background-image: url(""https://assets.myntassets.com/h_720,q_90,w_540/v1/assets/images/25917206/2023/11/17/f0cbc956-9707-4da8-a1a7-520ac3df9c2e1700214066976FriskersMenOrangePrintedSlimFitT-shirt1.jpg"");"
Friskers,Men Turquoise Blue Printed T-shirt,Nil,Nil,MRP ₹1049,₹524,(50% OFF),"background-image: url(""https://assets.myntassets.com/h_720,q_90,w_540/v1/assets/images/18766622/2022/6/17/1a9dfd78-d2eb-4a1b-9a07-a480876e72c21655478306791MenTurquoiseOriginalHalfSleeveT-shirt1.jpg"");"
Friskers,Men Black Solid Hood T-shirt,"4.2
|
149 Ratings",149 Ratings,MRP ₹1199,₹695,(42% OFF),"background-image: url(""https://assets.myntassets.com/h_720,q_90,w_540/v1/assets/images/11777938/2020/4/1/7b5bca2a-0120-4e7b-95be-a0fde141f7881585738413660FriskersMenBlackSolidHoodT-shirt1.jpg"");"
Friskers,Men Black V-Neck Pure Cotton T-shirt,"4.2
|
23 Ratings",23 Ratings,MRP ₹1249,₹587,(53% OFF),"background-image: url(""https://assets.myntassets.com/h_720,q_90,w_540/v1/assets/images/20784766/2022/11/16/dc55291b-8317-4270-9b84-a199f6e47ceb1668620419520MenBlackFullSleeveCottonLycraV-NeckTshirt1.jpg"");"
Friskers,Pack Of 2 V-Neck Pure Cotton Slim Fit Short Sleeves T-shirts,Nil,Nil,MRP ₹1899,₹778,(59% OFF),"background-image: url(""https://assets.myntassets.com/h_720,q_90,w_540/v1/assets/images/22739002/2023/4/12/0a9b92a4-a278-41fb-a49a-fcd7638e792e1681266129621MenWhiteGreyV-NeckHalfSleeveCottonSolidT-shirt1.jpg"");"
Friskers,Men Pack of 2 Printed Pure Cotton T-shirts,Nil,Nil,MRP ₹1398,₹796,(43% OFF),"background-image: url(""https://assets.myntassets.com/h_720,q_90,w_540/v1/assets/images/15419436/2021/9/9/98481ed9-7be0-4db8-838a-bdfc735900901631194376974InnerwearVests1.jpg"");"
Friskers,Printed Pack Of 2 Slim Fit Pure Cotton T-Shirts,Nil,Nil,MRP ₹1599,₹783,(51% OFF),"background-image: url(""https://assets.myntassets.com/h_720,q_90,w_540/v1/assets/images/22750776/2023/4/13/b4b18e6e-5c6f-4cfc-befb-3cdb39a2b2001681365731821FriskersMenBlack2PrintedRawEdgeSlimFitT-shirt1.jpg"");"
Friskers,Men White Solid Hooded T-shirt,Nil,Nil,MRP ₹1199,₹683,(43% OFF),"background-image: url(""https://assets.myntassets.com/h_720,q_90,w_540/v1/assets/images/11777896/2020/4/1/1bd16b4f-cc96-4e83-857d-37f9f00a2d201585738317265FriskersMenWhiteSolidHoodT-shirt1.jpg"");"
Friskers,Pack Of 2 V-Neck Slim Fit Cotton T-shirt,"4
|
2 Ratings",2 Ratings,MRP ₹1899,₹778,(59% OFF),"background-image: url(""https://assets.myntassets.com/h_720,q_90,w_540/v1/assets/images/22739172/2023/4/12/e8aa3338-7f68-45fe-9355-83d6659037a81681269659595FriskersMenWhite2V-NeckAppliqueSlimFitT-shirt1.jpg"");"
Friskers,Pack Of 2 V-Neck Pure Cotton Slim Fit Short Sleeves T-shirts,Nil,Nil,MRP ₹1899,₹778,(59% OFF),"background-image: url(""https://assets.myntassets.com/h_720,q_90,w_540/v1/assets/images/22739096/2023/4/12/2ac6e432-a2e1-4020-a0b6-19c5208d15291681266050980MenTurquoisePistaV-NeckHalfSleeveCottonSolidT-shirt1.jpg"");"
Friskers,Pack Of 2 V-Neck Pure Cotton Slim Fit Short Sleeves T-shirts,Nil,Nil,MRP ₹1899,₹778,(59% OFF),"background-image: url(""https://assets.myntassets.com/h_720,q_90,w_540/v1/assets/images/22739088/2023/4/12/8bf9089e-ab44-4eda-ae11-26f6422586e11681266048918MenBlackWhiteV-NeckHalfSleeveCottonSolidT-shirt1.jpg"");"
Friskers,Pack Of 2 Round Neck Cotton T-shirt,Nil,Nil,MRP ₹1799,₹773,(57% OFF),"background-image: url(""https://assets.myntassets.com/h_720,q_90,w_540/v1/assets/images/22728486/2023/4/11/997e8c96-2acf-4d5b-8396-85572562065d1681177176081MenBlackWhiteShortSleeveRoundNeckSolidT-shirt1.jpg"");"
Friskers,Pack Of 2 Round Neck Short Sleeves Slim Fit Cotton T-shirts,Nil,Nil,MRP ₹1799,₹773,(57% OFF),"background-image: url(""https://assets.myntassets.com/h_720,q_90,w_540/v1/assets/images/22728434/2023/4/11/83316f99-b56a-455a-a9c7-5e81a34b7c081681177095931MenGreyNavyBlueShortSleeveRoundNeckSolidT-shirt1.jpg"");"
Friskers,Men Blue Pockets T-shirt,Nil,Nil,MRP ₹1499,₹719,(52% OFF),"background-image: url(""https://assets.myntassets.com/h_720,q_90,w_540/v1/assets/images/15967524/2021/10/29/9d3d40f8-4062-4cbe-b6fc-54071432c8791635492431409FriskersMenBluePocketsT-shirt1.jpg"");"
Friskers,Men Black Printed Cotton T-shirt,"4.6
|
9 Ratings",9 Ratings,MRP ₹1499,₹719,(52% OFF),"background-image: url(""https://assets.myntassets.com/h_720,q_90,w_540/v1/assets/images/16046748/2021/11/10/1149bb69-122f-4f07-8b94-234b5e64c7c71636528994239FriskersMenBlackPrintedPocketsT-shirt1.jpg"");"
Friskers,Men Black Typography Printed T-shirt,Nil,Nil,MRP ₹1499,₹719,(52% OFF),"background-image: url(""https://assets.myntassets.com/h_720,q_90,w_540/v1/assets/images/15967526/2021/10/29/29b21bde-f01c-47ac-a943-0826be034f4b1635492452255FriskersMenBlackTypographyPrintedT-shirt1.jpg"");"
Friskers,Men Navy Blue & Fluorescent Green Typography Printed T-shirt,"4.2
|
13 Ratings",13 Ratings,MRP ₹1199,₹719,(40% OFF),"background-image: url(""https://assets.myntassets.com/h_720,q_90,w_540/v1/assets/images/19410684/2022/8/6/999dd04d-9f1e-407f-9d97-c317dfcc752c1659770463252FriskersMenNavyBlueTypographyPrintedV-NeckT-shirt1.jpg"");"
Friskers,Men Red Printed Hood T-shirt,"4.4
|
34 Ratings",34 Ratings,MRP ₹999,₹599,(40% OFF),"background-image: url(""https://assets.myntassets.com/h_720,q_90,w_540/v1/assets/images/productimage/2020/11/23/d585b1a0-07cb-48c7-8105-abd32a04e40a1606125750637-1.jpg"");"
Friskers,Pack Of 2 Round Neck Cotton T-shirt,Nil,Nil,MRP ₹1799,₹773,(57% OFF),"background-image: url(""https://assets.myntassets.com/h_720,q_90,w_540/v1/assets/images/22728480/2023/4/11/4dc743d9-a3c9-4339-a754-90b66abc1bcf1681177143262MenBlackBlueShortSleeveRoundNeckSolidT-shirt1.jpg"");"
Friskers,Men Black Pure Cotton T-shirt,Nil,Nil,MRP ₹1299,₹597,(54% OFF),"background-image: url(""https://assets.myntassets.com/h_720,q_90,w_540/v1/assets/images/20784790/2022/11/16/8ac3f81d-f6bd-4d6a-a283-d438d67525961668620440197MenBlackHalfSleeveCottonLycraHoodedTshirt1.jpg"");"
Friskers,Typography Printed Slim Fit Skin Friendly Pure Cotton T-shirt,Nil,Nil,MRP ₹969,₹591,(39% OFF),"background-image: url(""https://assets.myntassets.com/h_720,q_90,w_540/v1/assets/images/25829678/2023/11/9/f757628e-95dd-46e0-8bce-516aa3447f711699539868902FriskersMenWhiteTypographyPrintedRawEdgeSlimFitT-shirt1.jpg"");"
Friskers,Men Maroon Typography Printed T-shirt,Nil,Nil,MRP ₹1499,₹719,(52% OFF),"background-image: url(""https://assets.myntassets.com/h_720,q_90,w_540/v1/assets/images/16046798/2021/11/10/09f5a373-e071-46d9-b381-d02f579e7b5f1636526487931FriskersMenMaroonTypographyPrintedPocketsT-shirt1.jpg"");"
Friskers,Men Black Panda Printed T-shirt,"4.7
|
11 Ratings",11 Ratings,MRP ₹1049,₹555,(47% OFF),"background-image: url(""https://assets.myntassets.com/h_720,q_90,w_540/v1/assets/images/18564870/2022/6/1/c998e7d2-537b-470f-8a60-4c77ee83961c1654091181820MenBlackPandaHalfSleeveT-shirt1.jpg"");"
Friskers,Typography Printed V-Neck Cotton T-shirt,Nil,Nil,MRP ₹1149,₹574,(50% OFF),"background-image: url(""https://assets.myntassets.com/h_720,q_90,w_540/v1/assets/images/23828726/2023/6/30/50989688-b39d-4ccc-8fc7-6971a9597f7e1688132526812MenWhiteFullsleeveV-NeckCottonBelegendPrintedTshirt1.jpg"");"
Friskers,Men Navy Blue Solid Cotton Hooded T-shirt,"4
|
6 Ratings",6 Ratings,MRP ₹1199,₹683,(43% OFF),"background-image: url(""https://assets.myntassets.com/h_720,q_90,w_540/v1/assets/images/15861024/2021/10/19/bfd5c150-1128-4592-9156-ed6eb8836da61634645844468FriskersMenNavyBluePocketsT-shirt1.jpg"");"
Friskers,Men Blue Typography Printed Applique T-shirt,Nil,Nil,MRP ₹1049,₹566,(46% OFF),"background-image: url(""https://assets.myntassets.com/h_720,q_90,w_540/v1/assets/images/18767250/2022/6/17/f208d1b0-7ab3-4997-bb08-f2d3944631c61655479238111MenBlueTerabhaiSambhallegaHalfSleeveT-shirt1.jpg"");"
Friskers,Polo Collar Slim Fit T-shirt,Nil,Nil,MRP ₹1199,₹539,(55% OFF),"background-image: url(""https://assets.myntassets.com/h_720,q_90,w_540/v1/assets/images/25738110/2023/11/3/3478fae8-2fe1-4eed-978a-363f82e97a691698956202584FriskersMenMulticolouredColourblockedPoloCollarPocketsSlimFi1.jpg"");"
Friskers,Men Orange Printed Hooded T-shirt,"4.5
|
10 Ratings",10 Ratings,MRP ₹1199,₹719,(40% OFF),"background-image: url(""https://assets.myntassets.com/h_720,q_90,w_540/v1/assets/images/15953238/2021/10/28/cb354503-849e-4273-9947-ac1d054938b71635402308622FriskersMenOrangeTypographyPrintedAppliqueT-shirt1.jpg"");"
Friskers,Men Navy Blue Typography Printed T-shirt,"4.6
|
7 Ratings",7 Ratings,MRP ₹789,₹497,(37% OFF),"background-image: url(""https://assets.myntassets.com/h_720,q_90,w_540/v1/assets/images/19410690/2022/8/6/66fbdfb7-470e-411b-b36a-843808042b191659762259334FriskersMenNavyBlueTypographyPrintedV-NeckAppliqueT-shirt1.jpg"");"
Friskers,Polo Collar T-shirt,Nil,Nil,MRP ₹1299,₹597,(54% OFF),"background-image: url(""https://assets.myntassets.com/h_720,q_90,w_540/v1/assets/images/22558228/2023/12/19/d72d5e51-571f-4c7e-beb8-f609934df7c31702958421059-Friskers-Polo-Collar-T-shirt-7701702958420668-1.jpg"");"
Friskers,Men Coffee Brown V-Neck Pure Cotton T-shirt,"3.8
|
13 Ratings",13 Ratings,MRP ₹1249,₹599,(52% OFF),"background-image: url(""https://assets.myntassets.com/h_720,q_90,w_540/v1/assets/images/20784754/2022/11/16/59ccd694-7bf6-4a41-8983-8a8d6664836a1668620415403MenBrownFullSleeveCottonLycraV-NeckTshirt1.jpg"");"
Friskers,Typography Printed T-shirt,Nil,Nil,MRP ₹949,₹474,(50% OFF),"background-image: url(""https://assets.myntassets.com/h_720,q_90,w_540/v1/assets/images/23505816/2023/6/1/d490080e-8295-434a-98b3-11535c6f62921685630520963FriskersMenBlackTypographyPrintedAppliqueT-shirt1.jpg"");"
Friskers,Henley Neck Pure Cotton Casual T-shirt,Nil,Nil,MRP ₹1999,₹579,(71% OFF),"background-image: url(""https://assets.myntassets.com/h_720,q_90,w_540/v1/assets/images/25948308/2023/11/20/1fbfd616-ae71-4f4e-9f64-2ef152c8f17b1700476245915FriskersMenNavyBluePoloCollarT-shirt1.jpg"");"
Friskers,Graphic Printed Pure Cotton Bio Wash Slim Fit T-shirt,Nil,Nil,MRP ₹969,₹571,(41% OFF),"background-image: url(""https://assets.myntassets.com/h_720,q_90,w_540/v1/assets/images/25917242/2023/11/17/0636fd44-9c0f-427b-acc4-fa210ba0a6811700214143585FriskersMenRedPrintedSlimFitT-shirt1.jpg"");"
Friskers,Men Black Pure Cotton T-shirt,Nil,Nil,MRP ₹1249,₹587,(53% OFF),"background-image: url(""https://assets.myntassets.com/h_720,q_90,w_540/v1/assets/images/20784762/2022/11/16/1b3bfc6d-3f2f-460a-bafc-cb296d860a221668620415688MenBlackFullSleeveCottonLycraRoundNeckTshirt1.jpg"");"
Friskers,Graphic Printed Round Neck Slim Fit Cotton T-shirt,Nil,Nil,MRP ₹969,₹571,(41% OFF),"background-image: url(""https://assets.myntassets.com/h_720,q_90,w_540/v1/assets/images/25917202/2023/11/17/129d1819-0197-4f46-882d-7ac98c2427761700214070977FriskersMenMustardYellowPrintedSlimFitT-shirt1.jpg"");"
Friskers,Graphic Printed Pure Cotton Bio Wash Slim Fit T-shirt,Nil,Nil,MRP ₹969,₹571,(41% OFF),"background-image: url(""https://assets.myntassets.com/h_720,q_90,w_540/v1/assets/images/25917192/2023/11/17/acbd95d4-65d7-4cac-996f-bdd43a6d8ebc1700214046022FriskersMenWhitePrintedSlimFitT-shirt1.jpg"");"
Friskers,Men Maroon Pockets T-shirt,Nil,Nil,MRP ₹999,₹569,(43% OFF),"background-image: url(""https://assets.myntassets.com/h_720,q_90,w_540/v1/assets/images/15863374/2021/10/19/7f63a7d1-0480-4e0d-a8b7-68632b7ae7d91634650411137FriskersMenMaroonPocketsT-shirt1.jpg"");"
Friskers,Typography Printed Pure Cotton Bio Wash Slim Fit T-shirt,Nil,Nil,MRP ₹969,₹571,(41% OFF),"background-image: url(""https://assets.myntassets.com/h_720,q_90,w_540/v1/assets/images/25917244/2023/11/17/f732568a-888b-4211-9dad-313d8783ba6b1700214124828FriskersMenOrangePrintedSlimFitT-shirt1.jpg"");"
Friskers,Men Black Raw Edge T-shirt,"4.6
|
16 Ratings",16 Ratings,MRP ₹999,₹559,(44% OFF),"background-image: url(""https://assets.myntassets.com/h_720,q_90,w_540/v1/assets/images/15863366/2021/10/19/33073695-957b-4b61-bcfd-d082dfbcd8a01634650854148FriskersMenBlackRawEdgeT-shirt1.jpg"");"
Friskers,Men Red Printed V-Neck T-shirt,"4.2
|
6 Ratings",6 Ratings,MRP ₹859,₹558,(35% OFF),"background-image: url(""https://assets.myntassets.com/h_720,q_90,w_540/v1/assets/images/productimage/2020/2/16/d0f6e2a6-16f7-4c8d-9e69-25ef157d129b1581805963901-1.jpg"");"
Friskers,Men Olive Green Solid Round Neck T-shirt,"2.9
|
7 Ratings",7 Ratings,MRP ₹959,₹556,(42% OFF),"background-image: url(""https://assets.myntassets.com/h_720,q_90,w_540/v1/assets/images/13953804/2023/10/26/369931f8-ba63-4585-a559-76db794285e11698299405279-Friskers-Men-Olive-Green-Solid-Round-Neck-T-shirt-5421698299-1.jpg"");"
Friskers,Men Maroon & claret Sports Printed T-shirt,Nil,Nil,MRP ₹1049,₹566,(46% OFF),"background-image: url(""https://assets.myntassets.com/h_720,q_90,w_540/v1/assets/images/18766992/2022/6/17/06db3fcc-c7a3-4016-8ddf-2859f63024a91655477665705Tshirts1.jpg"");"
Friskers,Men Green Solid V-Neck T-shirt,"4.3
|
13 Ratings",13 Ratings,MRP ₹1479,₹562,(62% OFF),"background-image: url(""https://assets.myntassets.com/h_720,q_90,w_540/v1/assets/images/productimage/2020/12/26/d9e8d42e-ac2e-40ba-b95f-b9bf3468bec81608961039755-1.jpg"");"
Friskers,Men Mustard Yellow Printed V-Neck T-shirt,"3.7
|
23 Ratings",23 Ratings,MRP ₹859,₹558,(35% OFF),"background-image: url(""https://assets.myntassets.com/h_720,q_90,w_540/v1/assets/images/productimage/2020/2/16/642ba78c-25ec-452f-8960-699e10f67d761581806046073-1.jpg"");"
Friskers,Men Black Printed V-Neck T-shirt,"4.1
|
11 Ratings",11 Ratings,MRP ₹859,₹558,(35% OFF),"background-image: url(""https://assets.myntassets.com/h_720,q_90,w_540/v1/assets/images/productimage/2020/2/16/d3675f6e-807f-4cc2-b707-6632b8dcfe0d1581805970910-1.jpg"");"
Friskers,Men Black Typography Printed T-shirt,Nil,Nil,MRP ₹1049,₹524,(50% OFF),"background-image: url(""https://assets.myntassets.com/h_720,q_90,w_540/v1/assets/images/18767116/2022/6/17/f0551ed6-297a-4c1f-beb4-067c4e6e5bda1655479050621MenBlackInspireotherHalfSleeveT-shirt1.jpg"");"
Friskers,Men Navy Blue Typography Printed T-shirt,Nil,Nil,MRP ₹1049,₹524,(50% OFF),"background-image: url(""https://assets.myntassets.com/h_720,q_90,w_540/v1/assets/images/18565282/2022/6/1/139d7989-9452-4c02-a437-7dffdd4b56ff1654093331440Tshirts1.jpg"");"
Friskers,Men Black Typography Printed T-shirt,"4.4
|
5 Ratings",5 Ratings,MRP ₹999,₹619,(38% OFF),"background-image: url(""https://assets.myntassets.com/h_720,q_90,w_540/v1/assets/images/19410704/2022/8/6/0eceab1c-0d86-44bb-867d-101ff1abd2821659768242403FriskersMenBlackTypographyV-NeckAppliqueT-shirt1.jpg"");"
Friskers,Men White Printed Hood T-shirt,"4.6
|
25 Ratings",25 Ratings,MRP ₹999,₹599,(40% OFF),"background-image: url(""https://assets.myntassets.com/h_720,q_90,w_540/v1/assets/images/productimage/2020/11/23/6d5c988e-b783-4b15-a594-90792c5395291606123093192-1.jpg"");"
Friskers,Polo Collar Casual T-shirt,Nil,Nil,MRP ₹1099,₹516,(53% OFF),"background-image: url(""https://assets.myntassets.com/h_720,q_90,w_540/v1/assets/images/25879684/2023/11/14/2156055b-a3cc-465a-8eae-77c369ab58bb1699956532637FriskersMenNavyBluePoloCollarPocketsT-shirt1.jpg"");"
Friskers,Men White Solid V-Neck Pure Cotton T-shirt,Nil,Nil,MRP ₹859,₹515,(40% OFF),"background-image: url(""https://assets.myntassets.com/h_720,q_90,w_540/v1/assets/images/8907323/2023/10/26/602d304e-a10a-4028-8479-3c42b62133b21698298680898-Friskers-Men-White-Solid-V-Neck-Pure-Cotton-T-shirt-91216982-1.jpg"");"
Friskers,Men Black T-shirt,Nil,Nil,MRP ₹1049,₹503,(52% OFF),"background-image: url(""https://assets.myntassets.com/h_720,q_90,w_540/v1/assets/images/18795558/2023/10/26/45c5139e-57a9-4f41-85d4-adc16a3692a81698300582993-Friskers-Men-Black-T-shirt-3161698300582625-1.jpg"");"
Friskers,Round Neck Pure Cotton T-shirt,Nil,Nil,MRP ₹1049,₹503,(52% OFF),"background-image: url(""https://assets.myntassets.com/h_720,q_90,w_540/v1/assets/images/22941200/2023/4/28/0d05cf28-c9f3-4e7d-a65a-b6698106d2581682691238150FriskersMenSeaGreenPocketsT-shirt1.jpg"");"
Friskers,Men Turquoise Blue Printed Raw Edge T-shirt,"4.4
|
5 Ratings",5 Ratings,MRP ₹1049,₹524,(50% OFF),"background-image: url(""https://assets.myntassets.com/h_720,q_90,w_540/v1/assets/images/18766656/2022/6/17/1016e6ad-a582-45e6-b0d7-c854e0b9e0231655475808742MenTurquoiseSmilyHalfSleeveT-shirt1.jpg"");"
Friskers,Typography Printed Sports T-shirt,Nil,Nil,MRP ₹899,₹431,(52% OFF),"background-image: url(""https://assets.myntassets.com/h_720,q_90,w_540/v1/assets/images/24105644/2023/7/19/d3941945-eaf9-4e82-a76c-7b642c1a3f791689789499510FriskersMenBlackTypographyPrintedAppliqueT-shirt1.jpg"");"
Friskers,Men Rust V-Neck Pure Cotton T-shirt,Nil,Nil,MRP ₹1249,₹587,(53% OFF),"background-image: url(""https://assets.myntassets.com/h_720,q_90,w_540/v1/assets/images/20786240/2022/11/17/35ec3105-a566-44e1-b864-a93b41e848881668666555991MenRustOrangeFullSleeveCottonLycraV-NeckTshirt1.jpg"");"
Friskers,Round Neck Sleeveless Anti Odor Breathable Skin Friendly Sports T-shirt,Nil,Nil,MRP ₹929,₹445,(52% OFF),"background-image: url(""https://assets.myntassets.com/h_720,q_90,w_540/v1/assets/images/22460698/2023/3/22/059a9d9e-8a05-4aa3-9473-399df65be1da1679431951149FriskersMenBlackRawEdgeT-shirt1.jpg"");"
Friskers,Men Navy Blue T-shirt,Nil,Nil,MRP ₹1049,₹493,(53% OFF),"background-image: url(""https://assets.myntassets.com/h_720,q_90,w_540/v1/assets/images/18555360/2023/10/26/b99b53bb-e7ec-4933-b360-dc501638f9a61698300401974-Friskers-Men-Navy-Blue-T-shirt-4121698300401615-1.jpg"");"
Friskers,Typography Printed Dry Fit T-shirt,Nil,Nil,MRP ₹949,₹455,(52% OFF),"background-image: url(""https://assets.myntassets.com/h_720,q_90,w_540/v1/assets/images/23893156/2023/7/5/182f4f2e-fce7-4c61-84f0-3f8012704e8c1688579521694FriskersMenBlackTypographyPrintedRawEdgeT-shirt1.jpg"");"
Friskers,Typography Printed Sports T-shirt,Nil,Nil,MRP ₹899,₹431,(52% OFF),"background-image: url(""https://assets.myntassets.com/h_720,q_90,w_540/v1/assets/images/24105652/2023/7/19/918611a1-b3db-4136-baaf-2c54bab0fd8c1689789501580FriskersMenBlackTypographyPrintedAppliqueT-shirt1.jpg"");"
Friskers,Men White & christmas silver Typography Printed Raw Edge T-shirt,Nil,Nil,MRP ₹1049,₹524,(50% OFF),"background-image: url(""https://assets.myntassets.com/h_720,q_90,w_540/v1/assets/images/18766708/2022/6/17/9a1db383-66b8-44c7-8616-954a620b1d281655476785251MenWhiteThreestarHalfSleeveT-shirt1.jpg"");"
Friskers,Men Gold-Toned Raw Edge T-shirt,Nil,Nil,MRP ₹1049,₹493,(53% OFF),"background-image: url(""https://assets.myntassets.com/h_720,q_90,w_540/v1/assets/images/18795568/2023/10/26/5d370738-cfb0-4e3d-b465-b41176315db61698300746796-Friskers-Men-Gold-Toned-Raw-Edge-T-shirt-4951698300746244-1.jpg"");"
Friskers,Short Sleeve Round Neck T-Shirt,Nil,Nil,MRP ₹849,₹424,(50% OFF),"background-image: url(""https://assets.myntassets.com/h_720,q_90,w_540/v1/assets/images/22429582/2023/3/20/af1d57fb-39e2-4239-aea2-016f688868a41679279794708FriskersMenBlackRawEdgeT-shirt1.jpg"");"
Friskers,Men Coffee Brown Pure Cotton T-shirt,"3.9
|
8 Ratings",8 Ratings,MRP ₹1249,₹587,(53% OFF),"background-image: url(""https://assets.myntassets.com/h_720,q_90,w_540/v1/assets/images/20784774/2022/11/16/ca6ab32d-70f7-4d2f-98e1-d7a079e6abf71668620428362MenBrownFullSleeveCottonLycraRoundNeckTshirt1.jpg"");"
Friskers,Men Coffee Brown Pure Cotton T-shirt,Nil,Nil,MRP ₹1099,₹538,(51% OFF),"background-image: url(""https://assets.myntassets.com/h_720,q_90,w_540/v1/assets/images/20784780/2022/11/16/14186644-d6e7-4168-915d-d35f380833cf1668620428746MenBrownHalfSleeveCottonLycraRoundNeckTshirt1.jpg"");"
Friskers,Men White Solid Round Neck Pure Cotton T-shirt,"3.9
|
620 Ratings",620 Ratings,MRP ₹969,₹591,(39% OFF),"background-image: url(""https://assets.myntassets.com/h_720,q_90,w_540/v1/assets/images/8907331/2023/10/26/6bcd5b85-be6f-4bb1-9e64-6f31ffdcf3911698298770489-Friskers-Men-White-Solid-Round-Neck-Pure-Cotton-T-shirt-9931-1.jpg"");"
Friskers,Men Polo Collar Short Sleeves Pocket T-shirt,"4.2
|
16 Ratings",16 Ratings,MRP ₹1299,₹597,(54% OFF),"background-image: url(""https://assets.myntassets.com/h_720,q_90,w_540/v1/assets/images/22429570/2023/12/19/5697e593-0ccd-49c0-91e7-ceb97ea6ab1a1702958369994-Friskers-Men-Polo-Collar-Short-Sleeves-Pocket-T-shirt-511170-1.jpg"");"
Friskers,Polo Collar Casual T-shirt With Pocket,"4.2
|
13 Ratings",13 Ratings,MRP ₹1299,₹597,(54% OFF),"background-image: url(""https://assets.myntassets.com/h_720,q_90,w_540/v1/assets/images/22429562/2023/12/19/25e3a492-0394-429c-84a2-7d3fd4adaa2f1702958359496-Friskers-Polo-Collar-Casual-T-shirt-With-Pocket-298170295835-1.jpg"");"
Friskers,Men Grey V-Neck T-shirt,"3.9
|
19 Ratings",19 Ratings,MRP ₹949,₹569,(40% OFF),"background-image: url(""https://assets.myntassets.com/h_720,q_90,w_540/v1/assets/images/19709274/2022/8/29/4698a2b5-d901-43d0-b3d5-750c7f2705361661756426123FriskersMenGreyV-NeckT-shirt1.jpg"");"
Friskers,Men Gold-Toned Printed T-shirt,"3.9
|
22 Ratings",22 Ratings,MRP ₹849,₹526,(38% OFF),"background-image: url(""https://assets.myntassets.com/h_720,q_90,w_540/v1/assets/images/16855130/2022/1/17/d86d9def-5628-4530-9e5c-a472ada5fe931642423867453MenGoldSleepyAppleCutSleevelessGymVest1.jpg"");"
Friskers,Men Maroon Smily Printed T-shirt,"3
|
2 Ratings",2 Ratings,MRP ₹1049,₹566,(46% OFF),"background-image: url(""https://assets.myntassets.com/h_720,q_90,w_540/v1/assets/images/18565266/2022/6/1/4788c640-50df-4f0c-8641-159823e43a5a1654093500027Tshirts1.jpg"");"
Friskers,Men Grey Printed T-shirt,"5
|
4 Ratings",4 Ratings,MRP ₹1049,₹566,(46% OFF),"background-image: url(""https://assets.myntassets.com/h_720,q_90,w_540/v1/assets/images/18766966/2022/6/17/c0faddc2-0e85-4a24-9ae6-a42487dafddc1655475861471Tshirts1.jpg"");"
Friskers,Men White Typography Printed Applique T-shirt,Nil,Nil,MRP ₹1049,₹524,(50% OFF),"background-image: url(""https://assets.myntassets.com/h_720,q_90,w_540/v1/assets/images/18766642/2022/6/17/e6caff19-8cbb-4fec-a5ee-068ef4045a1b1655475705274MenWhiteWeirdlyAwesomeHalfSleeveT-shirt1.jpg"");"
Friskers,Typography Printed Pure Cotton Bio Wash Slim Fit T-shirt,Nil,Nil,MRP ₹969,₹571,(41% OFF),"background-image: url(""https://assets.myntassets.com/h_720,q_90,w_540/v1/assets/images/25917230/2023/11/17/bbff698a-a415-4a67-a581-b1358702c8451700214104414FriskersMenMustardYellowPrintedSlimFitT-shirt1.jpg"");"
Friskers,Typography Printed Slim Fit Pure Cotton T-shirt,Nil,Nil,MRP ₹969,₹591,(39% OFF),"background-image: url(""https://assets.myntassets.com/h_720,q_90,w_540/v1/assets/images/25829696/2023/11/9/116eb684-4082-42c6-ac9c-465bc0539c781699539913056FriskersMenMustardYellowTypographyPrintedAppliqueSlimFitT-sh1.jpg"");"
Friskers,Graphic Printed Pack Of 2 Slim Fit Pure Cotton T-Shirts,Nil,Nil,MRP ₹1599,₹783,(51% OFF),"background-image: url(""https://assets.myntassets.com/h_720,q_90,w_540/v1/assets/images/22750752/2023/4/13/9b1bb4a5-67d8-4b6b-89a9-a480404d11cb1681365726587FriskersMenBlack2PrintedRawEdgeSlimFitT-shirt1.jpg"");"
Friskers,Pack Of 2 Printed Sleeveless Cotton Slim Fit T-shirt,Nil,Nil,MRP ₹1599,₹783,(51% OFF),"background-image: url(""https://assets.myntassets.com/h_720,q_90,w_540/v1/assets/images/22750694/2023/4/13/70d49294-a308-46ae-929e-ca011526eeea1681366840089FriskersMenBlackTypography2PrintedPocketsSlimFitT-shirt1.jpg"");"
Friskers,Men Black Printed Hood T-shirt,"3.5
|
6 Ratings",6 Ratings,MRP ₹1199,₹731,(39% OFF),"background-image: url(""https://assets.myntassets.com/h_720,q_90,w_540/v1/assets/images/productimage/2020/11/23/37e0541f-3f06-4d3b-9747-35ba34380f301606120878004-1.jpg"");"
Friskers,Men Turquoise Blue & White Printed V-Neck T-shirt,"4.1
|
21 Ratings",21 Ratings,MRP ₹859,₹558,(35% OFF),"background-image: url(""https://assets.myntassets.com/h_720,q_90,w_540/v1/assets/images/productimage/2020/2/16/daebdb6b-9dd6-4fae-a230-aca7ecd565a11581805694857-1.jpg"");"
Friskers,Men Maroon Printed V-Neck T-shirt,Nil,Nil,MRP ₹949,₹588,(38% OFF),"background-image: url(""https://assets.myntassets.com/h_720,q_90,w_540/v1/assets/images/productimage/2020/2/16/11dea1a5-640b-4c64-8f21-bd04c114ff031581804247125-1.jpg"");"
Friskers,Men Turquoise Blue Printed V-Neck T-shirt,Nil,Nil,MRP ₹859,₹558,(35% OFF),"background-image: url(""https://assets.myntassets.com/h_720,q_90,w_540/v1/assets/images/productimage/2020/2/16/b488e34b-8184-4a22-80cc-2cab9e43e04f1581804578519-1.jpg"");"
Friskers,Men Turquoise Blue & White Printed V-Neck T-shirt,"3.9
|
21 Ratings",21 Ratings,MRP ₹859,₹558,(35% OFF),"background-image: url(""https://assets.myntassets.com/h_720,q_90,w_540/v1/assets/images/productimage/2020/2/16/13fea958-244e-444a-bc37-529456435f8b1581803636888-1.jpg"");"
Friskers,Men Black Printed V-Neck T-shirt,"3.9
|
14 Ratings",14 Ratings,MRP ₹949,₹578,(39% OFF),"background-image: url(""https://assets.myntassets.com/h_720,q_90,w_540/v1/assets/images/productimage/2020/2/16/127d05e2-3718-4e84-a21e-9593672699741581804261173-1.jpg"");"
Friskers,Men Navy Blue Printed V-Neck T-shirt,"4
|
70 Ratings",70 Ratings,MRP ₹859,₹558,(35% OFF),"background-image: url(""https://assets.myntassets.com/h_720,q_90,w_540/v1/assets/images/productimage/2020/2/16/8341a2bd-ddb8-4690-834b-2b0f48ca6c401581804472455-1.jpg"");"
Friskers,Men Orange Solid Hooded T-shirt,Nil,Nil,MRP ₹999,₹579,(42% OFF),"background-image: url(""https://assets.myntassets.com/h_720,q_90,w_540/v1/assets/images/11777918/2021/4/5/1d0499c2-2e3f-4a37-92c7-770c722e3bfb1617639320922-Friskers-Men-Orange-Solid-Hooded-T-shirt-2521617639320259-1.jpg"");"
Friskers,Men Red Solid Hooded T-shirt,Nil,Nil,MRP ₹999,₹579,(42% OFF),"background-image: url(""https://assets.myntassets.com/h_720,q_90,w_540/v1/assets/images/11777904/2023/11/24/b3906d79-27cf-4192-a96a-1c2fbb1ec98d1700821455486-Friskers-Men-Red-Solid-Hooded-T-shirt-8591700821455257-1.jpg"");"
Friskers,Men Red Solid Hood T-shirt,Nil,Nil,MRP ₹999,₹569,(43% OFF),"background-image: url(""https://assets.myntassets.com/h_720,q_90,w_540/v1/assets/images/11777856/2020/4/1/c06c2d95-5a43-4a28-967d-fde4e4c955541585738366750FriskersMenRedSolidHoodT-shirt1.jpg"");"
Friskers,Men Blue & White Printed V-Neck T-shirt,Nil,Nil,MRP ₹949,₹569,(40% OFF),"background-image: url(""https://assets.myntassets.com/h_720,q_90,w_540/v1/assets/images/productimage/2020/2/16/7950fd1b-5b5f-4422-a61c-d144f43b50151581805041588-1.jpg"");"
Friskers,Men Black Printed V-Neck T-shirt,"3.8
|
6 Ratings",6 Ratings,MRP ₹949,₹578,(39% OFF),"background-image: url(""https://assets.myntassets.com/h_720,q_90,w_540/v1/assets/images/productimage/2020/2/15/1e91b295-3126-425f-9536-81decc3e41531581718568308-1.jpg"");"
Friskers,Men Yellow Printed V-Neck T-shirt,Nil,Nil,MRP ₹949,₹578,(39% OFF),"background-image: url(""https://assets.myntassets.com/h_720,q_90,w_540/v1/assets/images/productimage/2020/2/15/ca42b605-a9f9-4dd1-bf22-aa75cdf1d4471581718574867-1.jpg"");"
Friskers,Men Blue & White Printed V-Neck T-shirt,Nil,Nil,MRP ₹949,₹569,(40% OFF),"background-image: url(""https://assets.myntassets.com/h_720,q_90,w_540/v1/assets/images/productimage/2020/2/16/98f095e7-25d6-426f-a895-ae4a775406061581804242406-1.jpg"");"
Friskers,Men Black Printed V-Neck T-shirt,"4
|
9 Ratings",9 Ratings,MRP ₹949,₹569,(40% OFF),"background-image: url(""https://assets.myntassets.com/h_720,q_90,w_540/v1/assets/images/productimage/2020/2/16/0ff8406e-0772-4d73-b224-318caa9b1f971581805014973-1.jpg"");"
Friskers,Men Mustard Yellow Printed V-Neck T-shirt,"4.2
|
10 Ratings",10 Ratings,MRP ₹949,₹569,(40% OFF),"background-image: url(""https://assets.myntassets.com/h_720,q_90,w_540/v1/assets/images/productimage/2020/2/16/f8b2a6b8-96f5-4f80-baa2-bb69f384d9bb1581804205704-1.jpg"");"
Friskers,Men Turquoise Blue Printed V-Neck T-shirt,"2.8
|
9 Ratings",9 Ratings,MRP ₹949,₹569,(40% OFF),"background-image: url(""https://assets.myntassets.com/h_720,q_90,w_540/v1/assets/images/productimage/2020/2/16/84ce8350-6231-49d6-8e63-399d03e245041581804265529-1.jpg"");"
Friskers,Men Turquoise Blue Printed V-Neck T-shirt,"3.6
|
8 Ratings",8 Ratings,MRP ₹949,₹569,(40% OFF),"background-image: url(""https://assets.myntassets.com/h_720,q_90,w_540/v1/assets/images/productimage/2020/2/16/b163f0eb-5cab-4ad9-9224-15cea8a2830e1581805075215-1.jpg"");"
Friskers,Men Blue &White Printed V-Neck T-shirt,"4.4
|
5 Ratings",5 Ratings,MRP ₹949,₹569,(40% OFF),"background-image: url(""https://assets.myntassets.com/h_720,q_90,w_540/v1/assets/images/productimage/2020/2/15/953c01a7-a5c7-45dd-816b-12f31f55efcf1581718566667-1.jpg"");"
Friskers,Men Blue & Black Printed V-Neck T-shirt,"3.8
|
10 Ratings",10 Ratings,MRP ₹949,₹578,(39% OFF),"background-image: url(""https://assets.myntassets.com/h_720,q_90,w_540/v1/assets/images/productimage/2020/2/16/f6d0ad54-32b2-4a29-9a61-73afca0f3c8a1581805029027-1.jpg"");"
Friskers,Men Yellow Printed V-Neck T-shirt,"3.4
|
5 Ratings",5 Ratings,MRP ₹949,₹569,(40% OFF),"background-image: url(""https://assets.myntassets.com/h_720,q_90,w_540/v1/assets/images/productimage/2020/2/16/8d99f580-5f99-4c26-a0f5-2185b1636a9f1581804234369-1.jpg"");"
Friskers,Men Mustard Yellow Printed V-Neck T-shirt,"3.9
|
19 Ratings",19 Ratings,MRP ₹949,₹569,(40% OFF),"background-image: url(""https://assets.myntassets.com/h_720,q_90,w_540/v1/assets/images/productimage/2020/2/16/b379ccd9-38ef-4a9d-87f8-334bf53983591581804229825-1.jpg"");"
Friskers,Men Yellow & Black Printed V-Neck T-shirt,"3.8
|
28 Ratings",28 Ratings,MRP ₹859,₹558,(35% OFF),"background-image: url(""https://assets.myntassets.com/h_720,q_90,w_540/v1/assets/images/productimage/2020/2/16/997c0acb-c249-4ed8-b35b-65aa2b2223841581805315571-1.jpg"");"
Friskers,Men Yellow Printed V-Neck T-shirt,"4
|
14 Ratings",14 Ratings,MRP ₹859,₹558,(35% OFF),"background-image: url(""https://assets.myntassets.com/h_720,q_90,w_540/v1/assets/images/productimage/2020/2/16/d5d4065f-04a9-4d57-994b-5e8d1e1b45721581804829525-1.jpg"");"
Friskers,Men Red Printed V-Neck T-shirt,"3.8
|
31 Ratings",31 Ratings,MRP ₹859,₹558,(35% OFF),"background-image: url(""https://assets.myntassets.com/h_720,q_90,w_540/v1/assets/images/productimage/2020/2/16/1a2ad914-df2a-4aac-9663-5c242b772fde1581805837821-1.jpg"");"
Friskers,Men Yellow Printed V-Neck T-shirt,"3.7
|
12 Ratings",12 Ratings,MRP ₹859,₹558,(35% OFF),"background-image: url(""https://assets.myntassets.com/h_720,q_90,w_540/v1/assets/images/productimage/2020/2/16/1584818d-1edd-4f27-be69-6859961f91481581803486511-1.jpg"");"
Friskers,Men Black Printed V-Neck T-shirt,"4
|
8 Ratings",8 Ratings,MRP ₹859,₹558,(35% OFF),"background-image: url(""https://assets.myntassets.com/h_720,q_90,w_540/v1/assets/images/productimage/2020/2/16/d5588d35-b607-4b12-b406-b1ba7c3c03b51581804800254-1.jpg"");"
Friskers,Men Yellow & White Printed V-Neck T-shirt,"3
|
2 Ratings",2 Ratings,MRP ₹859,₹558,(35% OFF),"background-image: url(""https://assets.myntassets.com/h_720,q_90,w_540/v1/assets/images/productimage/2020/2/16/97efbe37-6602-499f-ae7b-6cd5a4f088cd1581805811220-1.jpg"");"
Friskers,Men Yellow & Black Printed V-Neck T-shirt,"3.9
|
28 Ratings",28 Ratings,MRP ₹859,₹558,(35% OFF),"background-image: url(""https://assets.myntassets.com/h_720,q_90,w_540/v1/assets/images/productimage/2020/2/16/aefd8550-c67e-4a3d-8f9a-9f84d382755f1581805877818-1.jpg"");"
Friskers,Men Navy Blue Printed V-Neck T-shirt,"3.8
|
33 Ratings",33 Ratings,MRP ₹859,₹558,(35% OFF),"background-image: url(""https://assets.myntassets.com/h_720,q_90,w_540/v1/assets/images/productimage/2020/2/16/a0970d4a-60d4-4f8c-8073-0146c3850fe61581804447213-1.jpg"");"
Friskers,Men White & Black Printed V-Neck T-shirt,"3.8
|
44 Ratings",44 Ratings,MRP ₹859,₹558,(35% OFF),"background-image: url(""https://assets.myntassets.com/h_720,q_90,w_540/v1/assets/images/productimage/2020/2/16/21f7d1eb-046f-4eda-854a-db727646c3b01581805160485-1.jpg"");"
Friskers,Men Black Printed V-Neck T-shirt,Nil,Nil,MRP ₹859,₹558,(35% OFF),"background-image: url(""https://assets.myntassets.com/h_720,q_90,w_540/v1/assets/images/productimage/2020/2/16/c0ada092-b7e7-41dc-bfc2-5d0877ec28bb1581803323450-1.jpg"");"
Friskers,Men Mustard Yellow Printed V-Neck T-shirt,"3.9
|
56 Ratings",56 Ratings,MRP ₹859,₹558,(35% OFF),"background-image: url(""https://assets.myntassets.com/h_720,q_90,w_540/v1/assets/images/productimage/2020/2/16/d50d5687-8707-43df-8938-0eb0eed8a9fe1581803156406-1.jpg"");"
Friskers,Men Black Printed V-Neck T-shirt,"3.5
|
8 Ratings",8 Ratings,MRP ₹859,₹558,(35% OFF),"background-image: url(""https://assets.myntassets.com/h_720,q_90,w_540/v1/assets/images/productimage/2020/2/16/e1349f16-5412-4ba5-946f-d017bfe8f63f1581805956998-1.jpg"");"
Friskers,Men Turquoise Blue & White Printed V-Neck T-shirt,"2.7
|
7 Ratings",7 Ratings,MRP ₹859,₹558,(35% OFF),"background-image: url(""https://assets.myntassets.com/h_720,q_90,w_540/v1/assets/images/productimage/2020/2/16/b51d1de1-d3b7-40e9-85c5-88d47fbf9f531581804763652-1.jpg"");"
Friskers,Men Mustard Yellow Printed V-Neck T-shirt,"3.9
|
7 Ratings",7 Ratings,MRP ₹859,₹558,(35% OFF),"background-image: url(""https://assets.myntassets.com/h_720,q_90,w_540/v1/assets/images/productimage/2020/2/16/66d24927-835f-45fe-a37a-1e654b81d9161581806356572-1.jpg"");"
Friskers,Men Black Printed V-Neck T-shirt,"3.8
|
21 Ratings",21 Ratings,MRP ₹859,₹558,(35% OFF),"background-image: url(""https://assets.myntassets.com/h_720,q_90,w_540/v1/assets/images/productimage/2020/2/16/0a5e510c-d0d1-4850-b797-7e7db9e2dc681581805015100-1.jpg"");"
Friskers,Men Turquoise Blue & Black Printed V-Neck T-shirt,"3.7
|
13 Ratings",13 Ratings,MRP ₹859,₹558,(35% OFF),"background-image: url(""https://assets.myntassets.com/h_720,q_90,w_540/v1/assets/images/productimage/2020/2/16/8d7778ad-aba5-4cdd-b8e0-c3d68074c42a1581805523496-1.jpg"");"
Friskers,Men Black Printed V-Neck T-shirt,"3.4
|
8 Ratings",8 Ratings,MRP ₹859,₹558,(35% OFF),"background-image: url(""https://assets.myntassets.com/h_720,q_90,w_540/v1/assets/images/productimage/2020/2/16/cf6c5742-60f3-4d8c-8b66-518d210955cc1581804217850-1.jpg"");"
Friskers,Men Red Solid Hood T-shirt,Nil,Nil,MRP ₹1199,₹695,(42% OFF),"background-image: url(""https://assets.myntassets.com/h_720,q_90,w_540/v1/assets/images/11777946/2020/4/1/5780198f-e75a-4391-80c8-809142013d751585738483416FriskersMenRedSolidHoodT-shirt1.jpg"");"
Friskers,Men Red Solid Hooded T-shirt,Nil,Nil,MRP ₹1199,₹683,(43% OFF),"background-image: url(""https://assets.myntassets.com/h_720,q_90,w_540/v1/assets/images/11777916/2020/4/1/8193b7eb-4d8c-4071-b39e-a15c10b01a231585738371367FriskersMenRedSolidHoodT-shirt1.jpg"");"
Friskers,Men Blue Solid V-Neck T-shirt,"4.4
|
33 Ratings",33 Ratings,MRP ₹949,₹569,(40% OFF),"background-image: url(""https://assets.myntassets.com/h_720,q_90,w_540/v1/assets/images/11777908/2023/10/26/300e9705-52cb-42ab-967a-0fb0bedc2c7e1698299168365-Friskers-Men-Blue-Solid-V-Neck-T-shirt-1581698299167996-1.jpg"");"
Friskers,Men Turquoise Blue Solid Hooded T-shirt,"2.7
|
7 Ratings",7 Ratings,MRP ₹1199,₹695,(42% OFF),"background-image: url(""https://assets.myntassets.com/h_720,q_90,w_540/v1/assets/images/11777920/2020/4/1/56d76de2-12f4-408f-a50a-114795f5ef2b1585738332371FriskersMenTurquoiseBlueSolidHoodT-shirt1.jpg"");"
Friskers,Men Red Solid Hooded T-shirt,Nil,Nil,MRP ₹1199,₹695,(42% OFF),"background-image: url(""https://assets.myntassets.com/h_720,q_90,w_540/v1/assets/images/11777894/2020/4/1/0dc9afd2-217e-48ea-a587-5484939729d41585738397450FriskersMenMaroonSolidHoodT-shirt1.jpg"");"
Friskers,Men White Solid Hood T-shirt,"4
|
13 Ratings",13 Ratings,MRP ₹999,₹589,(41% OFF),"background-image: url(""https://assets.myntassets.com/h_720,q_90,w_540/v1/assets/images/11777948/2023/11/24/8c9cdee1-a2e7-4f47-b7c1-50c9eb7c401d1700821484637-Friskers-Men-White-Solid-Hood-T-shirt-1651700821484405-1.jpg"");"
Friskers,Men Navy Blue Solid Hooded T-shirt,"4.3
|
9 Ratings",9 Ratings,MRP ₹999,₹579,(42% OFF),"background-image: url(""https://assets.myntassets.com/h_720,q_90,w_540/v1/assets/images/11777914/2023/11/24/a8a619e4-a505-4875-acc1-289b09b5eb911700821461751-Friskers-Men-Navy-Blue-Solid-Hooded-T-shirt-3061700821461539-1.jpg"");"
Friskers,Men White Solid Hood T-shirt,"3.9
|
14 Ratings",14 Ratings,MRP ₹999,₹559,(44% OFF),"background-image: url(""https://assets.myntassets.com/h_720,q_90,w_540/v1/assets/images/11777924/2020/4/1/72cfaef6-df9a-400b-a30e-c88679b688391585738487648FriskersMenWhiteSolidHoodT-shirt1.jpg"");"
Friskers,Men Yellow Solid Hood T-shirt,Nil,Nil,MRP ₹1199,₹695,(42% OFF),"background-image: url(""https://assets.myntassets.com/h_720,q_90,w_540/v1/assets/images/11777934/2020/4/1/e0809032-300c-492f-8df1-41ecfd03b4501585738420746FriskersMenYellowSolidHoodT-shirt1.jpg"");"
Friskers,Men Yellow Solid Hood T-shirt,Nil,Nil,MRP ₹1199,₹683,(43% OFF),"background-image: url(""https://assets.myntassets.com/h_720,q_90,w_540/v1/assets/images/11777926/2020/4/1/3edd3675-75c7-4ceb-88ac-c74dd684be9a1585738380643FriskersMenYellowSolidHoodT-shirt1.jpg"");"
Friskers,Men Blue Solid Hood T-shirt,"4.3
|
4 Ratings",4 Ratings,MRP ₹999,₹579,(42% OFF),"background-image: url(""https://assets.myntassets.com/h_720,q_90,w_540/v1/assets/images/11777932/2023/11/24/bc8fbb70-d001-43a9-94e6-423cd42b629b1700821472501-Friskers-Men-Blue-Solid-Hood-T-shirt-9821700821472260-1.jpg"");"
Friskers,Men White Solid Hooded T-shirt,"4.3
|
3 Ratings",3 Ratings,MRP ₹1199,₹671,(44% OFF),"background-image: url(""https://assets.myntassets.com/h_720,q_90,w_540/v1/assets/images/11777884/2020/4/1/1620c8ac-a673-4028-a4c7-5707175592cc1585738356399FriskersMenWhiteSolidHoodT-shirt1.jpg"");"
Friskers,Men Yellow Solid Hooded T-shirt,Nil,Nil,MRP ₹999,₹599,(40% OFF),"background-image: url(""https://assets.myntassets.com/h_720,q_90,w_540/v1/assets/images/11777890/2023/11/24/988c3077-8412-4005-90ac-cd0092bf029e1700821435320-Friskers-Men-Yellow-Solid-Hooded-T-shirt-3201700821435083-1.jpg"");"
Friskers,Men Orange Solid Round Neck T-shirt,"4.1
|
62 Ratings",62 Ratings,MRP ₹789,₹489,(38% OFF),"background-image: url(""https://assets.myntassets.com/h_720,q_90,w_540/v1/assets/images/11777950/2023/10/26/b8b10e72-16c5-4f9d-a43d-ed3ef9f501ae1698299307888-Friskers-Men-Orange-Solid-Round-Neck-T-shirt-859169829930755-1.jpg"");"
Friskers,Men Red Solid V-Neck T-shirt,Nil,Nil,MRP ₹949,₹559,(41% OFF),"background-image: url(""https://assets.myntassets.com/h_720,q_90,w_540/v1/assets/images/11777876/2023/10/26/e17e19e9-dea7-4818-9bc6-608ff0e24f7d1698299040738-Friskers-Men-Red-Solid-V-Neck-T-shirt-9071698299040301-1.jpg"");"
Friskers,Men Yellow Solid Hood T-shirt,"4.2
|
19 Ratings",19 Ratings,MRP ₹999,₹569,(43% OFF),"background-image: url(""https://assets.myntassets.com/h_720,q_90,w_540/v1/assets/images/11777866/2020/4/1/c52d80af-2943-4fcb-9b25-f75156e32c941585738378639FriskersMenYellowSolidHoodT-shirt1.jpg"");"
Friskers,Men Mustard Yellow Solid Hood T-shirt,"4.7
|
3 Ratings",3 Ratings,MRP ₹1199,₹695,(42% OFF),"background-image: url(""https://assets.myntassets.com/h_720,q_90,w_540/v1/assets/images/11777862/2020/4/1/98f34ced-39f3-4108-893d-11b7cfeed2511585738326522FriskersMenMustardSolidHoodT-shirt1.jpg"");"
Friskers,Men Orange Solid Hood T-shirt,Nil,Nil,MRP ₹1199,₹695,(42% OFF),"background-image: url(""https://assets.myntassets.com/h_720,q_90,w_540/v1/assets/images/11777952/2020/4/1/224f9702-4fd3-4ce4-a8bd-5e51fae2f0401585738441612FriskersMenOrangeSolidHoodT-shirt1.jpg"");"
Friskers,Men Turquoise Blue Solid Hood T-shirt,Nil,Nil,MRP ₹1199,₹683,(43% OFF),"background-image: url(""https://assets.myntassets.com/h_720,q_90,w_540/v1/assets/images/11777864/2020/4/1/cc7ace50-df0e-42e8-96c7-8eced750b3d21585738487082FriskersMenTurquoiseBlueSolidHoodT-shirt1.jpg"");"
Friskers,Men Mustard Yellow Solid Hood T-shirt,"4.6
|
8 Ratings",8 Ratings,MRP ₹999,₹569,(43% OFF),"background-image: url(""https://assets.myntassets.com/h_720,q_90,w_540/v1/assets/images/11777928/2020/4/1/5aceedf8-d037-4b06-8c0d-4b13b296ecb01585738331359FriskersMenMustardSolidHoodT-shirt1.jpg"");"
Friskers,Men Turquoise Blue Solid Hood T-shirt,Nil,Nil,MRP ₹999,₹579,(42% OFF),"background-image: url(""https://assets.myntassets.com/h_720,q_90,w_540/v1/assets/images/11777870/2023/11/24/5373c50b-19fe-400b-8436-10963ba6a33a1700821428624-Friskers-Men-Turquoise-Blue-Solid-Hood-T-shirt-6121700821428-1.jpg"");"
Friskers,Men Maroon Solid Hood T-shirt,"4.2
|
11 Ratings",11 Ratings,MRP ₹999,₹579,(42% OFF),"background-image: url(""https://assets.myntassets.com/h_720,q_90,w_540/v1/assets/images/11777944/2023/11/24/a9a04c97-22e0-4fd3-8fc2-46dfe3f9080e1700821478627-Friskers-Men-Maroon-Solid-Hood-T-shirt-4901700821478386-1.jpg"");"
Friskers,Men Maroon Solid Hooded T-shirt,"3.8
|
9 Ratings",9 Ratings,MRP ₹999,₹569,(43% OFF),"background-image: url(""https://assets.myntassets.com/h_720,q_90,w_540/v1/assets/images/11777886/2020/4/1/3335a018-4786-4cc3-ac80-e0212b97b6ff1585738463361FriskersMenMaroonSolidHoodT-shirt1.jpg"");"
Friskers,Men Navy Blue Solid Hood T-shirt,Nil,Nil,MRP ₹1199,₹695,(42% OFF),"background-image: url(""https://assets.myntassets.com/h_720,q_90,w_540/v1/assets/images/11777874/2020/4/1/55a23203-3c45-4be4-98ba-7f39aefc9baf1585738323451FriskersMenNavyBlueSolidHoodT-shirt1.jpg"");"
Friskers,Men Red Solid Hooded T-shirt,Nil,Nil,MRP ₹1199,₹683,(43% OFF),"background-image: url(""https://assets.myntassets.com/h_720,q_90,w_540/v1/assets/images/11777902/2020/4/1/ae61b5a1-4510-45e8-ba20-9fc5f0e18b921585738302165FriskersMenMaroonSolidHoodT-shirt1.jpg"");"
Friskers,Men Mustard Yellow Solid Round Neck T-shirt,"4.2
|
91 Ratings",91 Ratings,MRP ₹789,₹489,(38% OFF),"background-image: url(""https://assets.myntassets.com/h_720,q_90,w_540/v1/assets/images/11777878/2023/10/26/00eff019-3484-4306-abac-e9df637a907f1698299089942-Friskers-Men-Mustard-Yellow-Solid-Round-Neck-T-shirt-3621698-1.jpg"");"
